<?xml version="1.0" encoding="UTF-8"?>
<project-private xmlns="http://www.netbeans.org/ns/project-private/1">
    <editor-bookmarks xmlns="http://www.netbeans.org/ns/editor-bookmarks/2" lastBookmarkId="0"/>
    <open-files xmlns="http://www.netbeans.org/ns/projectui-open-files/2">
        <group>
            <file>file:/C:/Users/Lenovo/Documents/NetBeansProjects/FADA%20sinView/src/fada/sinview/MatrizDistancia1.java</file>
            <file>file:/C:/Users/Lenovo/Documents/NetBeansProjects/FADA%20sinView/src/CaminoMasCorto.java</file>
            <file>file:/C:/Users/Lenovo/Documents/NetBeansProjects/FADA%20sinView/src/fada/sinview/EntradaDatos.java</file>
            <file>file:/C:/Users/Lenovo/Documents/NetBeansProjects/FADA%20sinView/src/fada/sinview/Ejercicio1.java</file>
            <file>file:/C:/Users/Lenovo/Documents/NetBeansProjects/FADA%20sinView/src/fada/sinview/FADASinView.java</file>
        </group>
    </open-files>
</project-private>
