<?xml version="1.0" encoding="UTF-8"?>
<project-private xmlns="http://www.netbeans.org/ns/project-private/1">
    <editor-bookmarks xmlns="http://www.netbeans.org/ns/editor-bookmarks/2" lastBookmarkId="0"/>
    <open-files xmlns="http://www.netbeans.org/ns/projectui-open-files/2">
        <group>
            <file>file:/C:/Users/Lenovo/Google%20Drive/UNIVERSIDAD/8%20OCTAVO%20SEMESTRE/FADA/PROYECTO/FADA%20sinView/src/Logic/MatrizDistancia.java</file>
            <file>file:/C:/Users/Lenovo/Google%20Drive/UNIVERSIDAD/8%20OCTAVO%20SEMESTRE/FADA/PROYECTO/FADA%20sinView/src/Logic/EntradaDatos.java</file>
            <file>file:/C:/Users/Lenovo/Google%20Drive/UNIVERSIDAD/8%20OCTAVO%20SEMESTRE/FADA/PROYECTO/FADA%20sinView/src/Logic/Ejercicio1.java</file>
            <file>file:/C:/Users/Lenovo/Google%20Drive/UNIVERSIDAD/8%20OCTAVO%20SEMESTRE/FADA/PROYECTO/FADA%20sinView/src/View/Ciudad.java</file>
        </group>
    </open-files>
</project-private>
